Quarter,Year,Quarter_Value,Predicted_GDP,Predicted_Government_Spendings,Predicted_Exchange_Rates,Predicted_Interest_Rates,Predicted_Tax_Rates,Predicted_Inflation_Rates,Predicted_Unemployment_Rates
1,2021,1,13776.009761157002,5565.326811860195,1.2640654374427043,0.21414725816666993,76.20477720716504,214.5558722260721,7.291159467411672
2,2021,2,13776.009761157002,5565.326811860195,1.2640654374427043,0.21414725816666993,76.20477720716504,214.5558722260721,7.303017800745006
3,2021,3,13784.307674708734,5565.326811860195,1.2640654374427043,0.21414725816666993,76.20477720716504,214.5558722260721,7.293375701177906
4,2021,4,13784.307674708734,5565.326811860195,1.2640654374427043,0.21414725816666993,75.27646559172172,214.5558722260721,7.28552391734083
